{
  "group_A": {
    "Ridge": {
      "rmse": 2974.2112948443014,
      "mae": 2166.421885697084,
      "r2": 0.8144922439416568
    },
    "RandomForest": {
      "rmse": 2346.101078274442,
      "mae": 1560.3120894709273,
      "r2": 0.8845718133010725
    },
    "XGBoost": {
      "rmse": 2232.7177592791645,
      "mae": 1498.9499923871483,
      "r2": 0.8954591351471395
    }
  },
  "group_B": {
    "Ridge": {
      "rmse": 2976.0129398288536,
      "mae": 2170.071005089849,
      "r2": 0.8142674311676485
    },
    "RandomForest": {
      "rmse": 2334.2417551299,
      "mae": 1543.5167665309702,
      "r2": 0.8857358214054704
    },
    "XGBoost": {
      "rmse": 2245.8867770952816,
      "mae": 1516.7823067453228,
      "r2": 0.8942222922599496
    }
  }
}